{
"lengthUnit": "mil",
"components": {
	"fields": ["COMPONENT_NO", "COMPONENT_NAME", "LAYER", "X_COORDINATE", "Y_COORDINATE", "ANGLE"],
	"rows": [
		[1, "C1", "T", 1040, -1160, 0],
		[2, "C2", "T", 1040, -1585, 0],
		[3, "DC2", "T", 420, -1400, 0],
		[4, "H1", "T", 1495, -1365, 90],
		[5, "H2", "T", 2095, -1365, 270],
		[6, "H3", "T", 3135, -1540, 90],
		[7, "H4", "T", 2870, -1565, 90],
		[8, "H5", "T", 2630, -1660, 270],
		[9, "H8", "T", 2550, -2490, 0],
		[10, "H9", "T", 3120, -2490, 0],
		[11, "H10", "T", 890, -2325, 0],
		[12, "LED1", "T", 2645, -195, 180],
		[13, "LED2", "T", 2645, -490, 180],
		[14, "LED3", "T", 2645, -830, 180],
		[15, "R1", "T", 3100, -195, 0],
		[16, "R2", "T", 3100, -495, 0],
		[17, "R3", "T", 3100, -832.64, 0],
		[18, "U12", "T", 140, -2170, 270],
		[19, "U13", "T", 785, -515, 0]
	]
},
"pins": {
	"fields": ["PIN_NO", "PIN_NAME", "PIN_X", "PIN_Y", "LAYER", "PIN_TYPE", "NET_NAME", "NET_TYPE", "PAD_SHAPE", "PAD_SIZEX", "PAD_SIZEY", "HOLE_SIZE", "PAD_ANGLE"],
	"rows": [
		[1, "C1_1", 990.79, -1160, "T", "DIP", "5V", "", "C", 59.05, 59.05, 35.43, 0],
		[2, "C1_1", 990.79, -1160, "B", "DIP", "5V", "", "C", 59.05, 59.05, 35.43, 0],
		[3, "C1_2", 1089.21, -1160, "T", "DIP", "GND", "GND", "C", 59.05, 59.05, 35.43, 0],
		[4, "C1_2", 1089.21, -1160, "B", "DIP", "GND", "GND", "C", 59.05, 59.05, 35.43, 0],
		[5, "C2_1", 990.79, -1585, "T", "DIP", "5V", "", "C", 59.05, 59.05, 35.43, 0],
		[6, "C2_1", 990.79, -1585, "B", "DIP", "5V", "", "C", 59.05, 59.05, 35.43, 0],
		[7, "C2_2", 1089.21, -1585, "T", "DIP", "GND", "GND", "C", 59.05, 59.05, 35.43, 0],
		[8, "C2_2", 1089.21, -1585, "B", "DIP", "GND", "GND", "C", 59.05, 59.05, 35.43, 0],
		[9, "DC2_1", 538.1, -1307.5, "T", "DIP", "$1N6431", "", "O", 59.1, 165.4, 137.8, 0],
		[10, "DC2_1", 538.1, -1307.5, "B", "DIP", "$1N6431", "", "O", 59.1, 165.4, 137.8, 0],
		[11, "DC2_2", 301.9, -1307.5, "T", "DIP", "GND", "GND", "O", 59.1, 157.5, 129.9, 0],
		[12, "DC2_2", 301.9, -1307.5, "B", "DIP", "GND", "GND", "O", 59.1, 157.5, 129.9, 0],
		[13, "DC2_3", 427.9, -1492.5, "T", "DIP", "GND", "GND", "O", 157.5, 59.1, 129.9, 0],
		[14, "DC2_3", 427.9, -1492.5, "B", "DIP", "GND", "GND", "O", 157.5, 59.1, 129.9, 0],
		[15, "H1_1", 1495, -2315, "T", "DIP", "3V3", "", "R", 70.87, 70.87, 47.24, 90],
		[16, "H1_1", 1495, -2315, "B", "DIP", "3V3", "", "R", 70.87, 70.87, 47.24, 90],
		[17, "H1_2", 1495, -2215, "T", "DIP", "GND", "GND", "C", 70.87, 70.87, 47.24, 90],
		[18, "H1_2", 1495, -2215, "B", "DIP", "GND", "GND", "C", 70.87, 70.87, 47.24, 90],
		[19, "H1_3", 1495, -2115, "T", "DIP", "5V", "", "C", 70.87, 70.87, 47.24, 90],
		[20, "H1_3", 1495, -2115, "B", "DIP", "5V", "", "C", 70.87, 70.87, 47.24, 90],
		[21, "H1_4", 1495, -2015, "T", "DIP", "PB9", "", "C", 70.87, 70.87, 47.24, 90],
		[22, "H1_4", 1495, -2015, "B", "DIP", "PB9", "", "C", 70.87, 70.87, 47.24, 90],
		[23, "H1_5", 1495, -1915, "T", "DIP", "PB8", "", "C", 70.87, 70.87, 47.24, 90],
		[24, "H1_5", 1495, -1915, "B", "DIP", "PB8", "", "C", 70.87, 70.87, 47.24, 90],
		[25, "H1_6", 1495, -1815, "T", "DIP", "PB7", "", "C", 70.87, 70.87, 47.24, 90],
		[26, "H1_6", 1495, -1815, "B", "DIP", "PB7", "", "C", 70.87, 70.87, 47.24, 90],
		[27, "H1_7", 1495, -1715, "T", "DIP", "PB6", "", "C", 70.87, 70.87, 47.24, 90],
		[28, "H1_7", 1495, -1715, "B", "DIP", "PB6", "", "C", 70.87, 70.87, 47.24, 90],
		[29, "H1_8", 1495, -1615, "T", "DIP", "PB5", "", "C", 70.87, 70.87, 47.24, 90],
		[30, "H1_8", 1495, -1615, "B", "DIP", "PB5", "", "C", 70.87, 70.87, 47.24, 90],
		[31, "H1_9", 1495, -1515, "T", "DIP", "PB4", "", "C", 70.87, 70.87, 47.24, 90],
		[32, "H1_9", 1495, -1515, "B", "DIP", "PB4", "", "C", 70.87, 70.87, 47.24, 90],
		[33, "H1_10", 1495, -1415, "T", "DIP", "PB3", "", "C", 70.87, 70.87, 47.24, 90],
		[34, "H1_10", 1495, -1415, "B", "DIP", "PB3", "", "C", 70.87, 70.87, 47.24, 90],
		[35, "H1_11", 1495, -1315, "T", "DIP", "PA15", "", "C", 70.87, 70.87, 47.24, 90],
		[36, "H1_11", 1495, -1315, "B", "DIP", "PA15", "", "C", 70.87, 70.87, 47.24, 90],
		[37, "H1_12", 1495, -1215, "T", "DIP", "PA12", "", "C", 70.87, 70.87, 47.24, 90],
		[38, "H1_12", 1495, -1215, "B", "DIP", "PA12", "", "C", 70.87, 70.87, 47.24, 90],
		[39, "H1_13", 1495, -1115, "T", "DIP", "PA11", "", "C", 70.87, 70.87, 47.24, 90],
		[40, "H1_13", 1495, -1115, "B", "DIP", "PA11", "", "C", 70.87, 70.87, 47.24, 90],
		[41, "H1_14", 1495, -1015, "T", "DIP", "PA10", "", "C", 70.87, 70.87, 47.24, 90],
		[42, "H1_14", 1495, -1015, "B", "DIP", "PA10", "", "C", 70.87, 70.87, 47.24, 90],
		[43, "H1_15", 1495, -915, "T", "DIP", "PA9", "", "C", 70.87, 70.87, 47.24, 90],
		[44, "H1_15", 1495, -915, "B", "DIP", "PA9", "", "C", 70.87, 70.87, 47.24, 90],
		[45, "H1_16", 1495, -815, "T", "DIP", "PA8", "", "C", 70.87, 70.87, 47.24, 90],
		[46, "H1_16", 1495, -815, "B", "DIP", "PA8", "", "C", 70.87, 70.87, 47.24, 90],
		[47, "H1_17", 1495, -715, "T", "DIP", "PB15", "", "C", 70.87, 70.87, 47.24, 90],
		[48, "H1_17", 1495, -715, "B", "DIP", "PB15", "", "C", 70.87, 70.87, 47.24, 90],
		[49, "H1_18", 1495, -615, "T", "DIP", "PB14", "", "C", 70.87, 70.87, 47.24, 90],
		[50, "H1_18", 1495, -615, "B", "DIP", "PB14", "", "C", 70.87, 70.87, 47.24, 90],
		[51, "H1_19", 1495, -515, "T", "DIP", "PB13", "", "C", 70.87, 70.87, 47.24, 90],
		[52, "H1_19", 1495, -515, "B", "DIP", "PB13", "", "C", 70.87, 70.87, 47.24, 90],
		[53, "H1_20", 1495, -415, "T", "DIP", "PB12", "", "C", 70.87, 70.87, 47.24, 90],
		[54, "H1_20", 1495, -415, "B", "DIP", "PB12", "", "C", 70.87, 70.87, 47.24, 90],
		[55, "H2_1", 2095, -415, "T", "DIP", "GND", "GND", "R", 70.87, 70.87, 47.24, 270],
		[56, "H2_1", 2095, -415, "B", "DIP", "GND", "GND", "R", 70.87, 70.87, 47.24, 270],
		[57, "H2_2", 2095, -515, "T", "DIP", "GND", "GND", "C", 70.87, 70.87, 47.24, 270],
		[58, "H2_2", 2095, -515, "B", "DIP", "GND", "GND", "C", 70.87, 70.87, 47.24, 270],
		[59, "H2_3", 2095, -615, "T", "DIP", "3V3", "", "C", 70.87, 70.87, 47.24, 270],
		[60, "H2_3", 2095, -615, "B", "DIP", "3V3", "", "C", 70.87, 70.87, 47.24, 270],
		[61, "H2_4", 2095, -715, "T", "DIP", "NRST", "", "C", 70.87, 70.87, 47.24, 270],
		[62, "H2_4", 2095, -715, "B", "DIP", "NRST", "", "C", 70.87, 70.87, 47.24, 270],
		[63, "H2_5", 2095, -815, "T", "DIP", "PB11", "", "C", 70.87, 70.87, 47.24, 270],
		[64, "H2_5", 2095, -815, "B", "DIP", "PB11", "", "C", 70.87, 70.87, 47.24, 270],
		[65, "H2_6", 2095, -915, "T", "DIP", "PB10", "", "C", 70.87, 70.87, 47.24, 270],
		[66, "H2_6", 2095, -915, "B", "DIP", "PB10", "", "C", 70.87, 70.87, 47.24, 270],
		[67, "H2_7", 2095, -1015, "T", "DIP", "PB1", "", "C", 70.87, 70.87, 47.24, 270],
		[68, "H2_7", 2095, -1015, "B", "DIP", "PB1", "", "C", 70.87, 70.87, 47.24, 270],
		[69, "H2_8", 2095, -1115, "T", "DIP", "PB0", "", "C", 70.87, 70.87, 47.24, 270],
		[70, "H2_8", 2095, -1115, "B", "DIP", "PB0", "", "C", 70.87, 70.87, 47.24, 270],
		[71, "H2_9", 2095, -1215, "T", "DIP", "PA7", "", "C", 70.87, 70.87, 47.24, 270],
		[72, "H2_9", 2095, -1215, "B", "DIP", "PA7", "", "C", 70.87, 70.87, 47.24, 270],
		[73, "H2_10", 2095, -1315, "T", "DIP", "PA6", "", "C", 70.87, 70.87, 47.24, 270],
		[74, "H2_10", 2095, -1315, "B", "DIP", "PA6", "", "C", 70.87, 70.87, 47.24, 270],
		[75, "H2_11", 2095, -1415, "T", "DIP", "PA5", "", "C", 70.87, 70.87, 47.24, 270],
		[76, "H2_11", 2095, -1415, "B", "DIP", "PA5", "", "C", 70.87, 70.87, 47.24, 270],
		[77, "H2_12", 2095, -1515, "T", "DIP", "PA4", "", "C", 70.87, 70.87, 47.24, 270],
		[78, "H2_12", 2095, -1515, "B", "DIP", "PA4", "", "C", 70.87, 70.87, 47.24, 270],
		[79, "H2_13", 2095, -1615, "T", "DIP", "PA3", "", "C", 70.87, 70.87, 47.24, 270],
		[80, "H2_13", 2095, -1615, "B", "DIP", "PA3", "", "C", 70.87, 70.87, 47.24, 270],
		[81, "H2_14", 2095, -1715, "T", "DIP", "PA2", "", "C", 70.87, 70.87, 47.24, 270],
		[82, "H2_14", 2095, -1715, "B", "DIP", "PA2", "", "C", 70.87, 70.87, 47.24, 270],
		[83, "H2_15", 2095, -1815, "T", "DIP", "PA1", "", "C", 70.87, 70.87, 47.24, 270],
		[84, "H2_15", 2095, -1815, "B", "DIP", "PA1", "", "C", 70.87, 70.87, 47.24, 270],
		[85, "H2_16", 2095, -1915, "T", "DIP", "PA0", "", "C", 70.87, 70.87, 47.24, 270],
		[86, "H2_16", 2095, -1915, "B", "DIP", "PA0", "", "C", 70.87, 70.87, 47.24, 270],
		[87, "H2_17", 2095, -2015, "T", "DIP", "PC15", "", "C", 70.87, 70.87, 47.24, 270],
		[88, "H2_17", 2095, -2015, "B", "DIP", "PC15", "", "C", 70.87, 70.87, 47.24, 270],
		[89, "H2_18", 2095, -2115, "T", "DIP", "PC14", "", "C", 70.87, 70.87, 47.24, 270],
		[90, "H2_18", 2095, -2115, "B", "DIP", "PC14", "", "C", 70.87, 70.87, 47.24, 270],
		[91, "H2_19", 2095, -2215, "T", "DIP", "PC13", "", "C", 70.87, 70.87, 47.24, 270],
		[92, "H2_19", 2095, -2215, "B", "DIP", "PC13", "", "C", 70.87, 70.87, 47.24, 270],
		[93, "H2_20", 2095, -2315, "T", "DIP", "VBAT", "", "C", 70.87, 70.87, 47.24, 270],
		[94, "H2_20", 2095, -2315, "B", "DIP", "VBAT", "", "C", 70.87, 70.87, 47.24, 270],
		[95, "H3_1", 3135, -1990, "T", "DIP", "GND", "GND", "R", 62, 66.93, 43.31, 90],
		[96, "H3_1", 3135, -1990, "B", "DIP", "GND", "GND", "R", 62, 66.93, 43.31, 90],
		[97, "H3_2", 3135, -1890, "T", "DIP", "GND", "GND", "C", 66.93, 66.93, 43.31, 90],
		[98, "H3_2", 3135, -1890, "B", "DIP", "GND", "GND", "C", 66.93, 66.93, 43.31, 90],
		[99, "H3_3", 3135, -1790, "T", "DIP", "GND", "GND", "C", 66.93, 66.93, 43.31, 90],
		[100, "H3_3", 3135, -1790, "B", "DIP", "GND", "GND", "C", 66.93, 66.93, 43.31, 90],
		[101, "H3_4", 3135, -1690, "T", "DIP", "GND", "GND", "C", 66.93, 66.93, 43.31, 90],
		[102, "H3_4", 3135, -1690, "B", "DIP", "GND", "GND", "C", 66.93, 66.93, 43.31, 90],
		[103, "H3_5", 3135, -1590, "T", "DIP", "GND", "GND", "C", 66.93, 66.93, 43.31, 90],
		[104, "H3_5", 3135, -1590, "B", "DIP", "GND", "GND", "C", 66.93, 66.93, 43.31, 90],
		[105, "H3_6", 3135, -1490, "T", "DIP", "GND", "GND", "C", 66.93, 66.93, 43.31, 90],
		[106, "H3_6", 3135, -1490, "B", "DIP", "GND", "GND", "C", 66.93, 66.93, 43.31, 90],
		[107, "H3_7", 3135, -1390, "T", "DIP", "GND", "GND", "C", 66.93, 66.93, 43.31, 90],
		[108, "H3_7", 3135, -1390, "B", "DIP", "GND", "GND", "C", 66.93, 66.93, 43.31, 90],
		[109, "H3_8", 3135, -1290, "T", "DIP", "GND", "GND", "C", 66.93, 66.93, 43.31, 90],
		[110, "H3_8", 3135, -1290, "B", "DIP", "GND", "GND", "C", 66.93, 66.93, 43.31, 90],
		[111, "H3_9", 3135, -1190, "T", "DIP", "GND", "GND", "C", 66.93, 66.93, 43.31, 90],
		[112, "H3_9", 3135, -1190, "B", "DIP", "GND", "GND", "C", 66.93, 66.93, 43.31, 90],
		[113, "H3_10", 3135, -1090, "T", "DIP", "GND", "GND", "C", 66.93, 66.93, 43.31, 90],
		[114, "H3_10", 3135, -1090, "B", "DIP", "GND", "GND", "C", 66.93, 66.93, 43.31, 90],
		[115, "H4_1", 2870, -2015, "T", "DIP", "5V", "", "R", 62, 66.93, 43.31, 90],
		[116, "H4_1", 2870, -2015, "B", "DIP", "5V", "", "R", 62, 66.93, 43.31, 90],
		[117, "H4_2", 2870, -1915, "T", "DIP", "5V", "", "C", 66.93, 66.93, 43.31, 90],
		[118, "H4_2", 2870, -1915, "B", "DIP", "5V", "", "C", 66.93, 66.93, 43.31, 90],
		[119, "H4_3", 2870, -1815, "T", "DIP", "5V", "", "C", 66.93, 66.93, 43.31, 90],
		[120, "H4_3", 2870, -1815, "B", "DIP", "5V", "", "C", 66.93, 66.93, 43.31, 90],
		[121, "H4_4", 2870, -1715, "T", "DIP", "5V", "", "C", 66.93, 66.93, 43.31, 90],
		[122, "H4_4", 2870, -1715, "B", "DIP", "5V", "", "C", 66.93, 66.93, 43.31, 90],
		[123, "H4_5", 2870, -1615, "T", "DIP", "5V", "", "C", 66.93, 66.93, 43.31, 90],
		[124, "H4_5", 2870, -1615, "B", "DIP", "5V", "", "C", 66.93, 66.93, 43.31, 90],
		[125, "H4_6", 2870, -1515, "T", "DIP", "5V", "", "C", 66.93, 66.93, 43.31, 90],
		[126, "H4_6", 2870, -1515, "B", "DIP", "5V", "", "C", 66.93, 66.93, 43.31, 90],
		[127, "H4_7", 2870, -1415, "T", "DIP", "5V", "", "C", 66.93, 66.93, 43.31, 90],
		[128, "H4_7", 2870, -1415, "B", "DIP", "5V", "", "C", 66.93, 66.93, 43.31, 90],
		[129, "H4_8", 2870, -1315, "T", "DIP", "5V", "", "C", 66.93, 66.93, 43.31, 90],
		[130, "H4_8", 2870, -1315, "B", "DIP", "5V", "", "C", 66.93, 66.93, 43.31, 90],
		[131, "H4_9", 2870, -1215, "T", "DIP", "5V", "", "C", 66.93, 66.93, 43.31, 90],
		[132, "H4_9", 2870, -1215, "B", "DIP", "5V", "", "C", 66.93, 66.93, 43.31, 90],
		[133, "H4_10", 2870, -1115, "T", "DIP", "5V", "", "C", 66.93, 66.93, 43.31, 90],
		[134, "H4_10", 2870, -1115, "B", "DIP", "5V", "", "C", 66.93, 66.93, 43.31, 90],
		[135, "H5_1", 2630, -1410, "T", "DIP", "PA7", "", "R", 70.87, 62.99, 40.16, 270],
		[136, "H5_1", 2630, -1410, "B", "DIP", "PA7", "", "R", 70.87, 62.99, 40.16, 270],
		[137, "H5_2", 2630, -1510, "T", "DIP", "PA6", "", "C", 62.99, 62.99, 40.16, 270],
		[138, "H5_2", 2630, -1510, "B", "DIP", "PA6", "", "C", 62.99, 62.99, 40.16, 270],
		[139, "H5_3", 2630, -1610, "T", "DIP", "PA3", "", "C", 62.99, 62.99, 40.16, 270],
		[140, "H5_3", 2630, -1610, "B", "DIP", "PA3", "", "C", 62.99, 62.99, 40.16, 270],
		[141, "H5_4", 2630, -1710, "T", "DIP", "PA2", "", "C", 62.99, 62.99, 40.16, 270],
		[142, "H5_4", 2630, -1710, "B", "DIP", "PA2", "", "C", 62.99, 62.99, 40.16, 270],
		[143, "H5_5", 2630, -1810, "T", "DIP", "PA1", "", "C", 62.99, 62.99, 40.16, 270],
		[144, "H5_5", 2630, -1810, "B", "DIP", "PA1", "", "C", 62.99, 62.99, 40.16, 270],
		[145, "H5_6", 2630, -1910, "T", "DIP", "PA0", "", "C", 62.99, 62.99, 40.16, 270],
		[146, "H5_6", 2630, -1910, "B", "DIP", "PA0", "", "C", 62.99, 62.99, 40.16, 270],
		[147, "H8_1", 2400, -2490, "T", "DIP", "3V3", "", "R", 66.93, 66.93, 43.31, 0],
		[148, "H8_1", 2400, -2490, "B", "DIP", "3V3", "", "R", 66.93, 66.93, 43.31, 0],
		[149, "H8_2", 2500, -2490, "T", "DIP", "PA9", "", "C", 66.93, 66.93, 43.31, 0],
		[150, "H8_2", 2500, -2490, "B", "DIP", "PA9", "", "C", 66.93, 66.93, 43.31, 0],
		[151, "H8_3", 2600, -2490, "T", "DIP", "PA10", "", "C", 66.93, 66.93, 43.31, 0],
		[152, "H8_3", 2600, -2490, "B", "DIP", "PA10", "", "C", 66.93, 66.93, 43.31, 0],
		[153, "H8_4", 2700, -2490, "T", "DIP", "GND", "GND", "C", 66.93, 66.93, 43.31, 0],
		[154, "H8_4", 2700, -2490, "B", "DIP", "GND", "GND", "C", 66.93, 66.93, 43.31, 0],
		[155, "H9_1", 2970, -2490, "T", "DIP", "3V3", "", "R", 66.93, 66.93, 43.31, 0],
		[156, "H9_1", 2970, -2490, "B", "DIP", "3V3", "", "R", 66.93, 66.93, 43.31, 0],
		[157, "H9_2", 3070, -2490, "T", "DIP", "PB10", "", "C", 66.93, 66.93, 43.31, 0],
		[158, "H9_2", 3070, -2490, "B", "DIP", "PB10", "", "C", 66.93, 66.93, 43.31, 0],
		[159, "H9_3", 3170, -2490, "T", "DIP", "PB11", "", "C", 66.93, 66.93, 43.31, 0],
		[160, "H9_3", 3170, -2490, "B", "DIP", "PB11", "", "C", 66.93, 66.93, 43.31, 0],
		[161, "H9_4", 3270, -2490, "T", "DIP", "GND", "GND", "C", 66.93, 66.93, 43.31, 0],
		[162, "H9_4", 3270, -2490, "B", "DIP", "GND", "GND", "C", 66.93, 66.93, 43.31, 0],
		[163, "H10_1", 740, -2325, "T", "DIP", "3V3", "", "R", 66.93, 66.93, 43.31, 0],
		[164, "H10_1", 740, -2325, "B", "DIP", "3V3", "", "R", 66.93, 66.93, 43.31, 0],
		[165, "H10_2", 840, -2325, "T", "DIP", "GND", "GND", "C", 66.93, 66.93, 43.31, 0],
		[166, "H10_2", 840, -2325, "B", "DIP", "GND", "GND", "C", 66.93, 66.93, 43.31, 0],
		[167, "H10_3", 940, -2325, "T", "DIP", "PB6", "", "C", 66.93, 66.93, 43.31, 0],
		[168, "H10_3", 940, -2325, "B", "DIP", "PB6", "", "C", 66.93, 66.93, 43.31, 0],
		[169, "H10_4", 1040, -2325, "T", "DIP", "PB7", "", "C", 66.93, 66.93, 43.31, 0],
		[170, "H10_4", 1040, -2325, "B", "DIP", "PB7", "", "C", 66.93, 66.93, 43.31, 0],
		[171, "LED1_1", 2695, -195, "T", "DIP", "$1N1996", "", "C", 60, 60, 36, 180],
		[172, "LED1_1", 2695, -195, "B", "DIP", "$1N1996", "", "C", 60, 60, 36, 180],
		[173, "LED1_2", 2595, -195, "T", "DIP", "PB13", "", "C", 60, 60, 36, 180],
		[174, "LED1_2", 2595, -195, "B", "DIP", "PB13", "", "C", 60, 60, 36, 180],
		[175, "LED2_1", 2695, -490, "T", "DIP", "$1N2112", "", "C", 60, 60, 36, 180],
		[176, "LED2_1", 2695, -490, "B", "DIP", "$1N2112", "", "C", 60, 60, 36, 180],
		[177, "LED2_2", 2595, -490, "T", "DIP", "PB14", "", "C", 60, 60, 36, 180],
		[178, "LED2_2", 2595, -490, "B", "DIP", "PB14", "", "C", 60, 60, 36, 180],
		[179, "LED3_1", 2695, -830, "T", "DIP", "$1N2069", "", "C", 60, 60, 36, 180],
		[180, "LED3_1", 2695, -830, "B", "DIP", "$1N2069", "", "C", 60, 60, 36, 180],
		[181, "LED3_2", 2595, -830, "T", "DIP", "PB15", "", "C", 60, 60, 36, 180],
		[182, "LED3_2", 2595, -830, "B", "DIP", "PB15", "", "C", 60, 60, 36, 180],
		[183, "R1_1", 2958.3, -192.52, "T", "DIP", "$1N1996", "", "C", 47.2, 47.2, 31.5, 0],
		[184, "R1_1", 2958.3, -192.52, "B", "DIP", "$1N1996", "", "C", 47.2, 47.2, 31.5, 0],
		[185, "R1_2", 3241.7, -192.52, "T", "DIP", "3V3", "", "C", 47.2, 47.2, 31.5, 0],
		[186, "R1_2", 3241.7, -192.52, "B", "DIP", "3V3", "", "C", 47.2, 47.2, 31.5, 0],
		[187, "R2_1", 2958.3, -492.52, "T", "DIP", "$1N2112", "", "C", 47.2, 47.2, 31.5, 0],
		[188, "R2_1", 2958.3, -492.52, "B", "DIP", "$1N2112", "", "C", 47.2, 47.2, 31.5, 0],
		[189, "R2_2", 3241.7, -492.52, "T", "DIP", "3V3", "", "C", 47.2, 47.2, 31.5, 0],
		[190, "R2_2", 3241.7, -492.52, "B", "DIP", "3V3", "", "C", 47.2, 47.2, 31.5, 0],
		[191, "R3_1", 2958.3, -830.17, "T", "DIP", "$1N2069", "", "C", 47.2, 47.2, 31.5, 0],
		[192, "R3_1", 2958.3, -830.17, "B", "DIP", "$1N2069", "", "C", 47.2, 47.2, 31.5, 0],
		[193, "R3_2", 3241.7, -830.17, "T", "DIP", "3V3", "", "C", 47.2, 47.2, 31.5, 0],
		[194, "R3_2", 3241.7, -830.17, "B", "DIP", "3V3", "", "C", 47.2, 47.2, 31.5, 0],
		[195, "U12_1", 140, -1984.96, "T", "DIP", "$1N6431", "", "O", 70.87, 110.24, 76.77, 270],
		[196, "U12_1", 140, -1984.96, "B", "DIP", "$1N6431", "", "O", 70.87, 110.24, 76.77, 270],
		[197, "U12_2", 140, -2170, "T", "DIP", "+12V", "", "O", 70.87, 110.24, 76.77, 270],
		[198, "U12_2", 140, -2170, "B", "DIP", "+12V", "", "O", 70.87, 110.24, 76.77, 270],
		[199, "U12_3", 140, -2355.04, "T", "DIP", "U12_3", "", "O", 70.87, 110.24, 76.77, 270],
		[200, "U12_3", 140, -2355.04, "B", "DIP", "U12_3", "", "O", 70.87, 110.24, 76.77, 270],
		[201, "U13_1", 420, -775, "T", "DIP", "+12V", "", "C", 62.01, 62.01, 35, 0],
		[202, "U13_1", 420, -775, "B", "DIP", "+12V", "", "C", 62.01, 62.01, 35, 0],
		[203, "U13_1", 420, -675, "T", "DIP", "+12V", "", "C", 62.01, 62.01, 35, 0],
		[204, "U13_1", 420, -675, "B", "DIP", "+12V", "", "C", 62.01, 62.01, 35, 0],
		[205, "U13_2", 420, -255, "T", "DIP", "GND", "GND", "C", 62.01, 62.01, 35, 0],
		[206, "U13_2", 420, -255, "B", "DIP", "GND", "GND", "C", 62.01, 62.01, 35, 0],
		[207, "U13_2", 420, -355, "T", "DIP", "GND", "GND", "C", 62.01, 62.01, 35, 0],
		[208, "U13_2", 420, -355, "B", "DIP", "GND", "GND", "C", 62.01, 62.01, 35, 0],
		[209, "U13_3", 1150, -675, "T", "DIP", "5V", "", "C", 62.01, 62.01, 35, 0],
		[210, "U13_3", 1150, -675, "B", "DIP", "5V", "", "C", 62.01, 62.01, 35, 0],
		[211, "U13_3", 1150, -775, "T", "DIP", "5V", "", "C", 62.01, 62.01, 35, 0],
		[212, "U13_3", 1150, -775, "B", "DIP", "5V", "", "C", 62.01, 62.01, 35, 0],
		[213, "U13_4", 1150, -355, "T", "DIP", "GND", "GND", "C", 62.01, 62.01, 35, 0],
		[214, "U13_4", 1150, -355, "B", "DIP", "GND", "GND", "C", 62.01, 62.01, 35, 0],
		[215, "U13_4", 1150, -255, "T", "DIP", "GND", "GND", "C", 62.01, 62.01, 35, 0],
		[216, "U13_4", 1150, -255, "B", "DIP", "GND", "GND", "C", 62.01, 62.01, 35, 0]
	]
}
}